-- phpMyAdmin SQL Dump
-- version 5.2.1
-- https://www.phpmyadmin.net/
--
-- Host: 127.0.0.1:2333
-- Generation Time: Jun 01, 2026 at 09:23 AM
-- Server version: 10.4.32-MariaDB
-- PHP Version: 8.2.12

SET SQL_MODE = "NO_AUTO_VALUE_ON_ZERO";
START TRANSACTION;
SET time_zone = "+00:00";


/*!40101 SET @OLD_CHARACTER_SET_CLIENT=@@CHARACTER_SET_CLIENT */;
/*!40101 SET @OLD_CHARACTER_SET_RESULTS=@@CHARACTER_SET_RESULTS */;
/*!40101 SET @OLD_COLLATION_CONNECTION=@@COLLATION_CONNECTION */;
/*!40101 SET NAMES utf8mb4 */;

--
-- Database: `phomai3anhem`
--

-- --------------------------------------------------------

--
-- Table structure for table `categories`
--

CREATE TABLE `categories` (
  `id` int(10) UNSIGNED NOT NULL,
  `name` varchar(100) NOT NULL,
  `slug` varchar(120) NOT NULL,
  `description` text DEFAULT NULL,
  `icon` varchar(50) DEFAULT NULL,
  `created_at` datetime NOT NULL DEFAULT current_timestamp()
) ENGINE=InnoDB DEFAULT CHARSET=utf8mb4 COLLATE=utf8mb4_general_ci;

--
-- Dumping data for table `categories`
--

INSERT INTO `categories` (`id`, `name`, `slug`, `description`, `icon`, `created_at`) VALUES
(1, 'Phô Mai Cứng', 'pho-mai-cung', 'Phô mai được ủ lâu năm, kết cấu chắc, hương vị đậm đà và phức tạp.', 'bi-gem', '2026-05-25 15:19:14'),
(2, 'Phô Mai Tươi', 'pho-mai-tuoi', 'Phô mai chưa qua ủ, kết cấu mềm mịn, hương vị thanh nhẹ, béo nhẹ.', 'bi-droplet', '2026-05-25 15:19:14'),
(3, 'Phô Mai Xanh', 'pho-mai-xanh', 'Phô mai có vân xanh từ nấm mốc Penicillium, hương vị nồng nàn độc đáo.', 'bi-wind', '2026-05-25 15:19:14'),
(4, 'Phô Mai Nửa Cứng', 'pho-mai-nua-cung', 'Phô mai ủ vừa, kết cấu dẻo, cân bằng giữa mềm và cứng.', 'bi-layers', '2026-05-25 15:19:14');

-- --------------------------------------------------------

--
-- Table structure for table `contacts`
--

CREATE TABLE `contacts` (
  `id` int(11) NOT NULL,
  `fullname` varchar(100) NOT NULL,
  `email` varchar(100) NOT NULL,
  `phone` varchar(20) NOT NULL,
  `subject` varchar(255) DEFAULT NULL,
  `message` text NOT NULL,
  `created_at` timestamp NOT NULL DEFAULT current_timestamp()
) ENGINE=InnoDB DEFAULT CHARSET=utf8mb4 COLLATE=utf8mb4_unicode_ci;

-- --------------------------------------------------------

--
-- Table structure for table `orders`
--

CREATE TABLE `orders` (
  `id` int(11) NOT NULL,
  `user_id` int(11) DEFAULT NULL,
  `receiver_name` varchar(255) DEFAULT NULL,
  `receiver_phone` varchar(20) DEFAULT NULL,
  `receiver_address` text DEFAULT NULL,
  `full_name` varchar(255) NOT NULL,
  `email` varchar(255) NOT NULL,
  `phone` varchar(20) NOT NULL,
  `address` text NOT NULL,
  `note` text DEFAULT NULL,
  `total_money` int(11) NOT NULL,
  `status` varchar(50) DEFAULT 'pending',
  `created_at` timestamp NOT NULL DEFAULT current_timestamp()
) ENGINE=InnoDB DEFAULT CHARSET=utf8mb4 COLLATE=utf8mb4_unicode_ci;

--
-- Dumping data for table `orders`
--

INSERT INTO `orders` (`id`, `user_id`, `receiver_name`, `receiver_phone`, `receiver_address`, `full_name`, `email`, `phone`, `address`, `note`, `total_money`, `status`, `created_at`) VALUES
(1, 4, NULL, NULL, NULL, 'Tung', 'Tung@gmail.com', '090123456', '123,a,b,c', '367', 360000, 'pending', '2026-05-28 02:31:03'),
(2, 4, NULL, NULL, NULL, 'Tung', 'Tung@gmail.com', '091023901', '367,a,b,c', '132', 450000, 'pending', '2026-05-28 02:32:15'),
(3, 4, NULL, NULL, NULL, 'Tung', 'Tung@gmail.com', '0912039101', '123123,a,b,c', '', 580000, 'pending', '2026-05-28 02:34:25'),
(4, 4, NULL, NULL, NULL, 'Tung', 'Tung@gmail.com', '132123123123', 'a,b,c', '367', 340000, 'pending', '2026-05-28 02:35:02'),
(5, 4, NULL, NULL, NULL, 'Tung', 'Tung@gmail.com', '91283901890', 'Tung', '', 340000, 'pending', '2026-05-28 02:56:47'),
(6, 4, NULL, NULL, NULL, 'Tung', 'Tung@gmail.com', '1234567890', '123,Tung', '', 340000, 'pending', '2026-05-28 02:57:37'),
(7, 4, NULL, NULL, NULL, 'Tung', 'Tung@gmail.com', '1234567892', '123123123', '', 360000, 'pending', '2026-05-28 02:59:31'),
(8, 4, NULL, NULL, NULL, 'Tung', 'Tung@gmail.com', '1234567890', '123', 'a', 360000, 'pending', '2026-05-28 03:01:14'),
(9, 4, NULL, NULL, NULL, 'Tung', 'Tung@gmail.com', '1923809001', '123', '', 340000, 'pending', '2026-05-28 03:03:10'),
(10, NULL, NULL, NULL, NULL, 'SOn', '', '1234567809', '1231231231', '123333', 1210000, 'pending', '2026-05-28 06:45:30'),
(11, 4, NULL, NULL, NULL, 'Tung', 'Tung@gmail.com', '0987654321', '367,367,367', 'ok', 360000, 'pending', '2026-05-28 08:28:49'),
(12, 4, 'tôi', '090291301', '367', 'Tung', 'Tung@gmail.com', '0901234567', '367', '367', 340000, 'shipping', '2026-06-01 01:16:02'),
(13, 4, 'Tung', '0901234567', 'Triple T', 'Tung', 'Tung@gmail.com', '0901234567', 'Triple T', 'yara yara', 340000, 'shipping', '2026-06-01 01:32:46'),
(14, 4, 'Minh khôi Trần', '0910233033', 'yara yara ỷa', 'Tung', 'Tung@gmail.com', '090910231', 'yara yara ỷa', 'tung', 360000, 'shipping', '2026-06-01 01:33:26'),
(15, 4, 'Tung', '0901234567', 'yara yara phonk', 'Tung', 'Tung@gmail.com', '0901234567', 'yara yara phonk', 'tiki tiki phonk', 850000, 'shipping', '2026-06-01 01:54:08');

-- --------------------------------------------------------

--
-- Table structure for table `order_details`
--

CREATE TABLE `order_details` (
  `id` int(11) NOT NULL,
  `order_id` int(11) NOT NULL,
  `product_id` int(11) NOT NULL,
  `price` int(11) NOT NULL,
  `quantity` int(11) NOT NULL
) ENGINE=InnoDB DEFAULT CHARSET=utf8mb4 COLLATE=utf8mb4_unicode_ci;

--
-- Dumping data for table `order_details`
--

INSERT INTO `order_details` (`id`, `order_id`, `product_id`, `price`, `quantity`) VALUES
(1, 1, 12, 360000, 1),
(2, 2, 14, 450000, 1),
(3, 3, 10, 580000, 1),
(4, 4, 13, 340000, 1),
(5, 5, 13, 340000, 1),
(6, 6, 13, 340000, 1),
(7, 7, 12, 360000, 1),
(8, 8, 12, 360000, 1),
(9, 9, 13, 340000, 1),
(10, 10, 13, 340000, 1),
(11, 10, 12, 360000, 1),
(12, 10, 11, 510000, 1),
(13, 11, 12, 360000, 1),
(14, 12, 13, 340000, 1),
(15, 13, 13, 340000, 1),
(16, 14, 12, 360000, 1),
(17, 15, 12, 360000, 1),
(18, 15, 9, 490000, 1);

-- --------------------------------------------------------

--
-- Table structure for table `posts`
--

CREATE TABLE `posts` (
  `id` int(11) NOT NULL,
  `title` varchar(255) NOT NULL,
  `slug` varchar(255) NOT NULL,
  `image` varchar(255) DEFAULT 'default-post.jpg',
  `summary` varchar(500) DEFAULT NULL,
  `content` text NOT NULL,
  `is_featured` tinyint(1) NOT NULL DEFAULT 0,
  `created_at` timestamp NOT NULL DEFAULT current_timestamp()
) ENGINE=InnoDB DEFAULT CHARSET=utf8mb4 COLLATE=utf8mb4_unicode_ci;

--
-- Dumping data for table `posts`
--

INSERT INTO `posts` (`id`, `title`, `slug`, `image`, `summary`, `content`, `is_featured`, `created_at`) VALUES
(3, 'Bí Quyết Làm Món Phô Mai Kéo Sợi Siêu Đỉnh Với Mozzarella \"3 Anh Em\"', 'bi-quyet-lam-mon-pho-mai-keo-soi-sieu-dinh-voi-mozzarella-3-anh-em', 'post_1780274156.jpg', 'Khám phá cách tạo nên lớp phô mai dai ngon, béo ngậy và kéo sợi hoàn hảo cho các món pizza, gà cay hay phô mai que rộp rộp vạn người mê.', 'Nếu bạn là một tín đồ của những món ăn vặt đường phố hay đam mê ẩm thực Ý, chắc chắn không thể bỏ qua sức hấp dẫn của lớp phô mai kéo sợi óng ả. Với dòng Phô mai Mozzarella kéo sợi từ thương hiệu Phô Mai 3 Anh Em, việc mang \"Hương vị chuẩn Âu\" vào căn bếp nhà bạn chưa bao giờ dễ dàng đến thế.\r\n+ Linh hồn của món Pizza và Gà cay: Nhờ được làm từ 100% sữa bò tươi nguyên chất, phô mai Mozzarella của chúng tôi có độ ẩm hoàn hảo, tan chảy đều khi gặp nhiệt độ cao, tạo nên lớp phủ béo ngậy, kéo sợi dài dai vô cùng kích thích vị giác.\r\n+ Làm phô mai que giòn rụm: Chỉ cần cắt phô mai thành từng thanh, lăn qua bột chiên xù và chiên ngập dầu. Lớp vỏ ngoài giòn rụm ôm trọn nhân phô mai dẻo thơm bên trong sẽ khiến cả gia đình thích mê.\r\nMẹo bảo quản để phô mai luôn tươi ngon:\r\nĐể giữ được độ dẻo dai và hương vị thơm béo tốt nhất, hãy luôn bảo quản phô mai Mozzarella trong ngăn mát tủ lạnh ở nhiệt độ lý tưởng từ 2-8°C. Sản phẩm có hạn sử dụng lên đến 6 tháng, giúp bạn luôn sẵn sàng sáng tạo các món ngon bất cứ lúc nào!', 0, '2026-06-01 00:35:56'),
(4, 'Nâng Tầm Bữa Sáng Nhanh Gọn Cùng Phô Mai Cheddar Cắt Lát', 'nang-tam-bua-sang-nhanh-gon-cung-pho-mai-cheddar-cat-lat', 'post_1780274295.jpg', 'Biến chiếc bánh mì sandwich hay hamburger tẻ nhạt thành cực phẩm hương vị chỉ với một lát phô mai Cheddar béo ngậy, giàu dinh dưỡng.', 'Sáng thức dậy muộn nhưng vẫn muốn một bữa ăn chất lượng? Bí quyết nằm ở những lát Phô mai Cheddar vàng ươm, thơm lừng của Phô Mai 3 Anh Em. Không cần chế biến cầu kỳ, sản phẩm này chính là \"vũ khí bí mật\" giúp món ăn của bạn thăng hạng hương vị trong tích tắc.\r\n\r\n+ Hoàn hảo cho Hamburger & Sandwich: Cheddar có vị đậm đà đặc trưng, hơi mặn nhẹ và vô cùng đưa miệng. Chỉ cần kẹp một lát phô mai vào giữa lớp thịt nướng nóng hổi và bánh mì mềm, hơi nóng sẽ làm phô mai tan chảy nhẹ, quyện vào từng thớ thịt.\r\n+ Thăng hoa cùng món súp: Bạn đã bao giờ thử thả một lát Cheddar vào bát súp bí đỏ hay súp kem nấm ấm nóng chưa? Hương vị mặn mòi, béo ngậy của Cheddar làm từ 100% sữa bò tươi nguyên chất sẽ khiến món súp thêm phần đặc sánh và hấp dẫn.\r\n\r\nLưu ý khi sử dụng:\r\nSản phẩm được thiết kế dạng cắt lát mỏng cực kỳ tiện dụng. Sau khi bóc vỏ, hãy bọc kín phần chưa sử dụng và cất vào ngăn mát tủ lạnh (2-8°C) để đảm bảo chất lượng trong suốt 6 tháng hạn sử dụng nhé.', 1, '2026-06-01 00:38:15'),
(5, 'Bữa Phụ Tiện Lợi, Giàu Canxi Cho Bé Với Phô Mai Viên \"3 Anh Em\"', 'bua-phu-tien-loi-giau-canxi-cho-be-voi-pho-mai-vien-3-anh-em', 'post_1780274361.jpg', 'Giải pháp ăn vặt vừa ngon miệng vừa bổ dưỡng, cung cấp dồi dào canxi mỗi ngày cho cả gia đình với những viên phô mai béo ngậy, mềm mịn.', 'Trẻ nhỏ thường lười uống sữa nhưng lại rất khó chối từ những viên phô mai mềm mịn, thơm lừng. Hiểu được tâm lý đó, Phô Mai 3 Anh Em mang đến dòng Phô mai dạng viên/tam giác, định vị là nguồn \"Dinh dưỡng cho mọi nhà\".\r\n\r\n+ Ăn vặt siêu tiện lợi: Được chia thành từng khẩu phần nhỏ gọn, phô mai viên rất tiện để mang theo đi học, đi làm hay dùng làm bữa phụ nạp năng lượng buổi xế chiều. Chỉ cần bóc lớp giấy bạc là có thể thưởng thức ngay.\r\n+ Nguồn bổ sung Canxi tuyệt vời: Được cô đặc từ 100% sữa bò tươi nguyên chất, mỗi viên phô mai chứa hàm lượng canxi và protein dồi dào, hỗ trợ sự phát triển xương chắc khỏe cho trẻ em và bổ sung dinh dưỡng thiết yếu cho người lớn tuổi.\r\n+ Đa dạng cách dùng: Ngoài việc ăn trực tiếp, bạn có thể phết phô mai tam giác lên bánh mì giòn, trộn cùng salad trái cây, hoặc dằm nhuyễn nấu cùng cháo dinh dưỡng cho các bé ăn dặm.\r\n\r\nSản phẩm được sản xuất theo quy trình khép kín, giữ trọn hương vị chuẩn Âu. Hãy bảo quản phô mai trong ngăn mát (2-8°C) để viên phô mai luôn giữ được kết cấu mềm dẻo hoàn hảo trong suốt 6 tháng nhé.', 0, '2026-06-01 00:39:21');

-- --------------------------------------------------------

--
-- Table structure for table `products`
--

CREATE TABLE `products` (
  `id` int(10) UNSIGNED NOT NULL,
  `category_id` int(10) UNSIGNED NOT NULL,
  `name` varchar(200) NOT NULL,
  `slug` varchar(220) NOT NULL,
  `description` text DEFAULT NULL,
  `short_desc` varchar(300) DEFAULT NULL,
  `price` decimal(12,0) NOT NULL,
  `sale_price` decimal(10,2) DEFAULT NULL,
  `original_price` decimal(12,0) DEFAULT NULL,
  `stock` int(10) UNSIGNED NOT NULL DEFAULT 0,
  `weight_gram` int(10) UNSIGNED DEFAULT NULL,
  `origin` varchar(100) DEFAULT NULL,
  `image` varchar(255) DEFAULT NULL,
  `is_featured` tinyint(1) NOT NULL DEFAULT 0,
  `is_on_sale` tinyint(1) DEFAULT 0,
  `is_active` tinyint(1) NOT NULL DEFAULT 1,
  `created_at` datetime NOT NULL DEFAULT current_timestamp(),
  `updated_at` datetime NOT NULL DEFAULT current_timestamp() ON UPDATE current_timestamp()
) ENGINE=InnoDB DEFAULT CHARSET=utf8mb4 COLLATE=utf8mb4_general_ci;

--
-- Dumping data for table `products`
--

INSERT INTO `products` (`id`, `category_id`, `name`, `slug`, `description`, `short_desc`, `price`, `sale_price`, `original_price`, `stock`, `weight_gram`, `origin`, `image`, `is_featured`, `is_on_sale`, `is_active`, `created_at`, `updated_at`) VALUES
(1, 1, 'Parmesan Reggiano 24 Tháng', 'parmesan-reggiano-24-thang', 'Parmigiano-Reggiano là \"vua của các loại phô mai\" đến từ vùng Emilia-Romagna, Ý. Được ủ tối thiểu 24 tháng trong hầm đá truyền thống, phô mai có kết cấu hạt mịn đặc trưng, tan chảy trong miệng với hậu vị ngọt nhẹ, bơ béo và nấm umami sâu. Đây là loại phô mai bắt buộc phải có trong bếp của mọi người yêu ẩm thực.', 'Vua phô mai Ý, ủ 24 tháng — kết cấu hạt, hương vị umami sâu.', 685000, NULL, 750000, 50, 200, 'Ý (Emilia-Romagna)', 'parmesan-reggiano.jpg', 1, 0, 1, '2026-05-25 15:19:14', '2026-05-25 15:19:14'),
(2, 1, 'Cheddar Vintage 18 Tháng', 'cheddar-vintage-18-thang', 'Cheddar Vintage từ vùng Somerset, Anh — ủ trong 18 tháng để đạt được vị chua nhẹ đặc trưng, hương bơ đậm, kết cấu cứng dẻo với những tinh thể muối nhỏ li ti. Tuyệt vời khi dùng kèm táo xanh, hạt óc chó hoặc nhai cùng bánh mì nướng.', 'Cheddar Anh ủ 18 tháng — béo ngậy, tinh thể muối, vị chua dịu.', 420000, NULL, 480000, 80, 250, 'Anh (Somerset)', 'cheddar-vintage.jpg', 1, 0, 1, '2026-05-25 15:19:14', '2026-05-25 15:19:14'),
(3, 1, 'Gruyère AOP Thụy Sĩ', 'gruyere-aop-thuy-si', 'Gruyère AOP là phô mai Thụy Sĩ chính gốc được chứng nhận bảo hộ địa lý. Ủ trong hầm đá 12–18 tháng, phô mai có kết cấu đặc, không có lỗ hổng, hương vị phức hợp gồm bơ, hạt, và một chút trái cây ngọt. Đây là nguyên liệu quan trọng trong món Fondue và French Onion Soup.', 'Phô mai Thụy Sĩ AOP — kết cấu đặc, hương bơ và hạt, hoàn hảo cho Fondue.', 520000, NULL, NULL, 60, 200, 'Thụy Sĩ (Fribourg)', 'gruyere-aop.jpg', 0, 0, 1, '2026-05-25 15:19:14', '2026-05-25 15:19:14'),
(4, 1, 'Manchego Curado 6 Tháng', 'manchego-curado-6-thang', 'Manchego Curado được làm từ sữa cừu Manchega thuần chủng ở vùng La Mancha, Tây Ban Nha. Ủ trong 6 tháng với lớp vỏ đặc trưng hình zigzag, phô mai có kết cấu cứng vừa, hương vị đậm đà, béo, với nốt thảo mộc và caramel nhẹ. Hoàn hảo với quince paste và rượu vang đỏ.', 'Phô mai cừu Tây Ban Nha — kết cấu cứng, hương caramel và thảo mộc.', 395000, NULL, 430000, 45, 200, 'Tây Ban Nha (La Mancha)', 'manchego-curado.jpg', 0, 0, 1, '2026-05-25 15:19:14', '2026-05-25 15:19:14'),
(5, 2, 'Mozzarella di Bufala Campana', 'mozzarella-di-bufala-campana', 'Mozzarella di Bufala Campana DOP — làm từ sữa trâu nước 100% tại vùng Campania, Ý. Kết cấu mềm dẻo co giãn đặc trưng, vị sữa tươi béo ngậy, khi cắt ra có nước whey trong chảy ra. Dùng ăn sống với cà chua, dầu olive và húng quế — hoàn hảo tuyệt đối cho món Caprese.', 'Mozzarella trâu Ý DOP — mềm dẻo, sữa tươi, hoàn hảo cho Caprese.', 280000, NULL, NULL, 100, 125, 'Ý (Campania)', 'mozzarella-bufala.jpg', 1, 0, 1, '2026-05-25 15:19:14', '2026-05-25 15:19:14'),
(6, 2, 'Burrata Fresca Puglia', 'burrata-fresca-puglia', 'Burrata là \"túi\" Mozzarella bao bọc bên ngoài, bên trong chứa hỗn hợp kem tươi và sợi Stracciatella. Cắt ra, kem béo ngậy chảy ra mềm mại — đây là trải nghiệm phô mai xa hoa nhất. Nên ăn trong vòng 48 giờ sau sản xuất để cảm nhận độ tươi tuyệt hảo.', 'Burrata Puglia — vỏ Mozzarella, nhân kem chảy, xa hoa và tươi ngon.', 320000, NULL, NULL, 60, 150, 'Ý (Puglia)', 'burrata-puglia.jpg', 1, 0, 1, '2026-05-25 15:19:14', '2026-05-25 15:19:14'),
(7, 2, 'Ricotta Fresca Italiana', 'ricotta-fresca-italiana', 'Ricotta (nghĩa đen: \"nấu lại\") được làm từ whey còn sót lại sau khi sản xuất các phô mai khác. Kết cấu xốp nhẹ, kem trắng tinh, vị ngọt thanh, ít mặn. Đa năng trong bếp: dùng làm nhân ravioli, bánh cheesecake, hoặc phết lên bánh mì nướng cùng mật ong.', 'Ricotta Ý tươi — xốp nhẹ, thanh ngọt, đa năng trong nấu ăn.', 180000, NULL, NULL, 70, 250, 'Ý', 'ricotta-fresca.jpg', 0, 0, 1, '2026-05-25 15:19:14', '2026-05-25 15:19:14'),
(8, 2, 'Cream Cheese Philadelphia Style', 'cream-cheese-philadelphia-style', 'Cream Cheese mịn màng, béo ngậy — được làm theo phong cách Philadelphia với hàm lượng kem cao. Kết cấu phết dễ dàng ngay khi lấy ra từ tủ lạnh. Hoàn hảo cho cheesecake, bagel hoặc làm frosting cho bánh.', 'Cream Cheese kem cao cấp — mịn màng, béo nhẹ, hoàn hảo cho cheesecake.', 145000, NULL, 160000, 120, 200, 'Nhập khẩu (Đan Mạch)', 'cream-cheese.jpg', 0, 0, 1, '2026-05-25 15:19:14', '2026-05-25 15:19:14'),
(9, 3, 'Gorgonzola Piccante DOP', 'gorgonzola-piccante-dop', 'Gorgonzola Piccante là phô mai xanh nổi tiếng nhất nước Ý, có chứng nhận DOP. Ủ trong 6–12 tháng, vân xanh lam chạy dọc khắp phô mai từ nấm Penicillium glaucum. Hương vị mạnh mẽ, cay nồng, mặn đậm với hậu vị peppery. Hoàn hảo với mật ong hoa cam, quả lê và Prosecco.', 'Gorgonzola Ý DOP — vân xanh, hương nồng, hoàn hảo với mật ong.', 490000, NULL, 540000, 40, 200, 'Ý (Lombardia/Piemonte)', 'gorgonzola-piccante.jpg', 1, 0, 1, '2026-05-25 15:19:14', '2026-05-25 15:19:14'),
(10, 3, 'Roquefort AOP Pháp', 'roquefort-aop-phap', 'Roquefort — \"vua của các loại phô mai xanh\" — được làm từ sữa cừu và ủ trong hang đá vôi tự nhiên ở Combalou, miền Nam nước Pháp. Phô mai có màu ngà trắng với vân xanh đặc trưng, kết cấu mềm ẩm, hương vị cay, mặn, nồng và phức hợp tuyệt vời.', 'Vua phô mai xanh Pháp AOP — sữa cừu, hang đá, hương vị phức hợp.', 580000, NULL, NULL, 30, 150, 'Pháp (Aveyron)', 'roquefort-aop.jpg', 0, 0, 1, '2026-05-25 15:19:14', '2026-05-28 14:47:20'),
(11, 3, 'Stilton Blue Cheese PDO', 'stilton-blue-cheese-pdo', '-Đặc điểm hương vị và kết cấu:\r\n+Đậm đà, béo ngậy vị kem, xen lẫn vị mặn, hương hạt dẻ tinh tế và một chút cay nồng đặc trưng từ nấm mốc Penicillium roqueforti.\r\n+Kết cấu: Mềm mịn như kem nhưng lại dễ vụn, tạo cảm giác tan ngay trong miệng.\r\n+Thời gian ủ: Thường được ủ chín tối thiểu từ 9 tuần trở lên để đạt được hương vị chuẩn mực. \r\n\r\n-Cách thưởng thức phổ biến:\r\n+Ăn trực tiếp: Kết hợp hoàn hảo với các loại trái cây ngọt (lê, táo, sung ngọt), mật ong và các loại hạt như hạt óc chó trên một khay phô mai (cheeseboard).\r\n+Kết hợp đồ uống: Thường được nhâm nhi cùng rượu Port (rượu vang cường hóa) hoặc rượu vang đỏ đậm đà.\r\n+Chế biến món ăn: Bóp vụn để trộn salad, làm nước xốt cho các món bít tết, hoặc thêm vào mì Ý (pasta) và cơm Risotto để tăng độ béo\r\n', 'Stilton là phô mai xanh danh tiếng của Anh, được bảo hộ địa lý PDO — chỉ được sản xuất tại 3 hạt Derbyshire, Leicestershire và Nottinghamshire. \r\n', 510000, NULL, 560000, 25, 200, 'Anh (Leicestershire)', 'stilton-pdo.jpg', 0, 0, 1, '2026-05-25 15:19:14', '2026-05-27 08:46:43'),
(12, 4, 'Gouda Aged 12 Tháng', 'gouda-aged-12-thang', 'Gouda Aged từ Hà Lan — ủ 12 tháng để đạt màu vàng caramel đặc trưng bên trong, kết cấu dẻo nhưng có tinh thể muối nhỏ. Hương vị ngọt, caramel, bơ và hạt phức hợp. Đây là phiên bản cao cấp hơn nhiều so với Gouda thông thường bán ở siêu thị.', 'Gouda Hà Lan ủ 12 tháng — caramel ngọt, tinh thể muối, dẻo thơm.', 360000, NULL, 400000, 75, 250, 'Hà Lan', 'gouda-aged.jpg', 0, 0, 1, '2026-05-25 15:19:14', '2026-05-28 14:47:09'),
(13, 4, 'Emmental Grand Cru', 'emmental-grand-cru', 'Emmental Grand Cru là phô mai Thụy Sĩ nổi tiếng với những lỗ hổng tròn lớn đặc trưng (do khí CO₂ từ vi khuẩn tạo ra trong quá trình ủ). Hương vị nhẹ nhàng, ngọt, bơ và hạt. Tan chảy tuyệt hảo — là nguyên liệu cổ điển cho sandwich nóng, Croque Monsieur và Fondue.', 'Emmental Thụy Sĩ Grand Cru — lỗ tròn đặc trưng, ngọt nhẹ, tan chảy tuyệt hảo.', 340000, NULL, NULL, 90, 250, 'Thụy Sĩ', 'emmental-grand-cru.jpg', 0, 0, 1, '2026-05-25 15:19:14', '2026-05-25 15:19:14'),
(14, 4, 'Brie de Meaux AOP', 'brie-de-meaux-aop', 'Brie de Meaux — \"nữ hoàng phô mai Pháp\" — là phô mai mềm với lớp vỏ trắng mốc mịn như nhung (Penicillium camemberti). Bên trong mềm chảy kem ở nhiệt độ phòng, hương vị nhẹ nhàng, bơ béo, nấm đất và một chút amoniac. Dùng cùng bánh baguette, nho xanh và champagne.', 'Brie de Meaux AOP là loại phô mai mềm làm từ sữa bò thô nguyên chất, nổi tiếng với danh hiệu \"Vua của các loại phô mai\" (Le Roi des Fromages) được phong tặng tại Hội nghị Vienna năm 1815. Chữ AOP (Appellation d\'Origine Protégée - Chỉ dẫn địa lý được bảo hộ của Châu Âu) đảm bảo phô mai chỉ được sản x', 450000, NULL, 500000, 35, 200, 'Pháp (Île-de-France)', 'brie-de-meaux.jpg', 1, 0, 1, '2026-05-25 15:19:14', '2026-06-01 14:13:46');

-- --------------------------------------------------------

--
-- Table structure for table `users`
--

CREATE TABLE `users` (
  `id` int(10) UNSIGNED NOT NULL,
  `full_name` varchar(100) NOT NULL,
  `email` varchar(150) NOT NULL,
  `password` varchar(255) NOT NULL,
  `phone` varchar(20) DEFAULT NULL,
  `address` text DEFAULT NULL,
  `role` enum('customer','admin') NOT NULL DEFAULT 'customer',
  `created_at` datetime NOT NULL DEFAULT current_timestamp(),
  `updated_at` datetime NOT NULL DEFAULT current_timestamp() ON UPDATE current_timestamp()
) ENGINE=InnoDB DEFAULT CHARSET=utf8mb4 COLLATE=utf8mb4_general_ci;

--
-- Dumping data for table `users`
--

INSERT INTO `users` (`id`, `full_name`, `email`, `password`, `phone`, `address`, `role`, `created_at`, `updated_at`) VALUES
(1, 'Quản Trị Viên', 'admin@phomai3anhem.vn', '$2y$12$RoMYzE0jEYpKaTHDqU9OUuXDAPiL3X5Kph.u7aSyVx1pQf2u9Tz2K', '0901234567', NULL, 'admin', '2026-05-25 15:19:14', '2026-05-25 15:19:14'),
(4, 'Tung', 'Tung@gmail.com', '$2y$10$uB7Eo2.IKy7GTfZ3bFxYCOppSSayenfRz.fT4SAHH35ziy41awFlO', '', '', 'admin', '2026-05-27 07:19:04', '2026-05-27 13:05:27'),
(5, 'Binh', 'Binh@gmail.com', '$2y$10$ulnn2zx4bzlcQVCTJ.6jzeWZE3JbrzEtn7M0dTEKpLaZ6lx8hfJNO', '098123456', '', 'customer', '2026-05-28 07:46:46', '2026-05-28 07:46:46'),
(6, 'TTT', 'TTT@gmail.com', '$2y$10$lfyYpRaspu4MATE9BHM4D.yZ5twHl7kxrnS722BygziksefdBT.b6', '090123456', '', 'customer', '2026-05-28 08:09:30', '2026-05-28 08:09:30');

--
-- Indexes for dumped tables
--

--
-- Indexes for table `categories`
--
ALTER TABLE `categories`
  ADD PRIMARY KEY (`id`),
  ADD UNIQUE KEY `slug` (`slug`);

--
-- Indexes for table `contacts`
--
ALTER TABLE `contacts`
  ADD PRIMARY KEY (`id`);

--
-- Indexes for table `orders`
--
ALTER TABLE `orders`
  ADD PRIMARY KEY (`id`);

--
-- Indexes for table `order_details`
--
ALTER TABLE `order_details`
  ADD PRIMARY KEY (`id`),
  ADD KEY `order_id` (`order_id`);

--
-- Indexes for table `posts`
--
ALTER TABLE `posts`
  ADD PRIMARY KEY (`id`);

--
-- Indexes for table `products`
--
ALTER TABLE `products`
  ADD PRIMARY KEY (`id`),
  ADD UNIQUE KEY `slug` (`slug`),
  ADD KEY `idx_category` (`category_id`),
  ADD KEY `idx_price` (`price`),
  ADD KEY `idx_active` (`is_active`),
  ADD KEY `idx_featured` (`is_featured`);
ALTER TABLE `products` ADD FULLTEXT KEY `idx_search` (`name`,`description`,`short_desc`);

--
-- Indexes for table `users`
--
ALTER TABLE `users`
  ADD PRIMARY KEY (`id`),
  ADD UNIQUE KEY `email` (`email`);

--
-- AUTO_INCREMENT for dumped tables
--

--
-- AUTO_INCREMENT for table `categories`
--
ALTER TABLE `categories`
  MODIFY `id` int(10) UNSIGNED NOT NULL AUTO_INCREMENT, AUTO_INCREMENT=6;

--
-- AUTO_INCREMENT for table `contacts`
--
ALTER TABLE `contacts`
  MODIFY `id` int(11) NOT NULL AUTO_INCREMENT, AUTO_INCREMENT=3;

--
-- AUTO_INCREMENT for table `orders`
--
ALTER TABLE `orders`
  MODIFY `id` int(11) NOT NULL AUTO_INCREMENT, AUTO_INCREMENT=16;

--
-- AUTO_INCREMENT for table `order_details`
--
ALTER TABLE `order_details`
  MODIFY `id` int(11) NOT NULL AUTO_INCREMENT, AUTO_INCREMENT=19;

--
-- AUTO_INCREMENT for table `posts`
--
ALTER TABLE `posts`
  MODIFY `id` int(11) NOT NULL AUTO_INCREMENT, AUTO_INCREMENT=6;

--
-- AUTO_INCREMENT for table `products`
--
ALTER TABLE `products`
  MODIFY `id` int(10) UNSIGNED NOT NULL AUTO_INCREMENT, AUTO_INCREMENT=16;

--
-- AUTO_INCREMENT for table `users`
--
ALTER TABLE `users`
  MODIFY `id` int(10) UNSIGNED NOT NULL AUTO_INCREMENT, AUTO_INCREMENT=9;

--
-- Constraints for dumped tables
--

--
-- Constraints for table `order_details`
--
ALTER TABLE `order_details`
  ADD CONSTRAINT `order_details_ibfk_1` FOREIGN KEY (`order_id`) REFERENCES `orders` (`id`) ON DELETE CASCADE;

--
-- Constraints for table `products`
--
ALTER TABLE `products`
  ADD CONSTRAINT `fk_product_category` FOREIGN KEY (`category_id`) REFERENCES `categories` (`id`) ON UPDATE CASCADE;
COMMIT;

/*!40101 SET CHARACTER_SET_CLIENT=@OLD_CHARACTER_SET_CLIENT */;
/*!40101 SET CHARACTER_SET_RESULTS=@OLD_CHARACTER_SET_RESULTS */;
/*!40101 SET COLLATION_CONNECTION=@OLD_COLLATION_CONNECTION */;
